duration,protocol_type,service,flag,src_bytes,dst_bytes,land,wrong_fragment,urgent,hot,num_failed_logins,logged_in,num_compromised,root_shell,su_attempted,num_root,num_file_creations,num_shells,num_access_files,num_outbound_cmds,is_host_login,is_guest_login,count,srv_count,serror_rate,srv_serror_rate,rerror_rate,srv_rerror_rate,same_srv_rate,diff_srv_rate,srv_diff_host_rate,dst_host_count,dst_host_srv_count,dst_host_same_srv_rate,dst_host_diff_srv_rate,dst_host_same_src_port_rate,dst_host_srv_diff_host_rate,dst_host_serror_rate,dst_host_srv_serror_rate,dst_host_rerror_rate,dst_host_srv_rerror_rate,ip.dst,ip.src
0,udp,other,OTH,278,0,0,0,0,0,0,0,0,0,0,0,0,0,0,0,0,0,1,0,0.0,0.0,0.0,0.0,0.0,1.0,0.0,1,0,0.0,1.0,1.0,0.0,0.0,0.0,0.0,0.0,35.213.175.179,192.168.1.68
0,udp,other,OTH,558,0,0,0,0,0,0,0,0,0,0,0,0,0,0,0,0,0,2,0,0.0,0.0,0.0,0.0,0.0,0.5,0.0,1,0,0.0,0.5,0.5,0.0,0.0,0.0,0.0,0.0,35.213.175.179,192.168.1.68
0,udp,other,OTH,828,0,0,0,0,0,0,0,0,0,0,0,0,0,0,0,0,0,3,0,0.0,0.0,0.0,0.0,0.0,0.33,0.0,1,0,0.0,0.33,0.3333333333333333,0.0,0.0,0.0,0.0,0.0,35.213.175.179,192.168.1.68
0,tcp,other,OTH,106,0,0,0,0,0,0,0,0,0,0,0,0,0,0,0,0,0,4,0,0.0,0.0,0.0,0.0,0.0,0.25,0.0,2,0,0.0,0.25,1.0,0.0,0.0,0.0,0.0,0.0,192.168.1.68,162.159.130.234
0,tcp,other,S1,200,0,0,0,0,0,0,0,0,0,0,0,0,0,0,0,0,0,5,0,0.0,0.0,0.0,0.0,0.0,0.2,0.0,2,0,0.0,0.2,0.5,0.0,0.0,0.0,0.0,0.0,192.168.1.68,162.159.130.234
0,tcp,http_443,OTH,54,0,0,0,0,0,0,0,0,0,0,0,0,0,0,0,0,0,6,1,0.0,0.0,0.0,0.0,0.17,0.33,1.0,3,1,0.17,0.33,1.0,1.0,0.0,0.0,0.0,0.0,162.159.130.234,192.168.1.68
0,tcp,other,S1,319,0,0,0,0,0,0,0,0,0,0,0,0,0,0,0,0,0,7,1,0.0,0.0,0.0,0.0,0.14,0.29,1.0,3,1,0.14,0.29,0.3333333333333333,1.0,0.0,0.0,0.0,0.0,192.168.1.68,162.159.130.234
0,tcp,other,S1,422,0,0,0,0,0,0,0,0,0,0,0,0,0,0,0,0,0,8,1,0.0,0.0,0.0,0.0,0.12,0.25,1.0,3,1,0.12,0.25,0.25,1.0,0.0,0.0,0.0,0.0,192.168.1.68,162.159.130.234
0,tcp,http_443,S1,108,0,0,0,0,0,0,0,0,0,0,0,0,0,0,0,0,0,9,2,0.0,0.0,0.0,0.0,0.22,0.22,1.0,3,2,0.22,0.22,0.5,1.0,0.0,0.0,0.0,0.0,162.159.130.234,192.168.1.68
0,udp,other,OTH,1104,0,0,0,0,0,0,0,0,0,0,0,0,0,0,0,0,0,10,2,0.0,0.0,0.0,0.0,0.2,0.2,1.0,3,2,0.2,0.2,0.25,1.0,0.0,0.0,0.0,0.0,35.213.175.179,192.168.1.68
0,tcp,other,S2,519,0,0,0,0,0,0,0,0,0,0,0,0,0,0,0,0,0,11,2,0.0,0.0,0.0,0.0,0.18,0.18,1.0,3,2,0.18,0.18,0.2,1.0,0.0,0.0,0.0,0.0,192.168.1.68,162.159.130.234
0,udp,other,OTH,1372,0,0,0,0,0,0,0,0,0,0,0,0,0,0,0,0,0,12,2,0.0,0.0,0.0,0.0,0.17,0.17,1.0,3,2,0.17,0.17,0.2,1.0,0.0,0.0,0.0,0.0,35.213.175.179,192.168.1.68
0,udp,other,OTH,1627,0,0,0,0,0,0,0,0,0,0,0,0,0,0,0,0,0,13,2,0.0,0.0,0.0,0.0,0.15,0.15,1.0,3,2,0.15,0.15,0.16666666666666666,1.0,0.0,0.0,0.0,0.0,35.213.175.179,192.168.1.68
0,tcp,http_443,S1,162,0,0,0,0,0,0,0,0,0,0,0,0,0,0,0,0,0,14,3,0.0,0.0,0.0,0.0,0.21,0.14,1.0,3,3,0.21,0.14,0.3333333333333333,1.0,0.0,0.0,0.0,0.0,162.159.130.234,192.168.1.68
0,udp,other,OTH,1888,0,0,0,0,0,0,0,0,0,0,0,0,0,0,0,0,0,15,3,0.0,0.0,0.0,0.0,0.2,0.13,1.0,3,3,0.2,0.13,0.14285714285714285,1.0,0.0,0.0,0.0,0.0,35.213.175.179,192.168.1.68
0,udp,other,OTH,2150,0,0,0,0,0,0,0,0,0,0,0,0,0,0,0,0,0,16,3,0.0,0.0,0.0,0.0,0.19,0.13,1.0,3,3,0.19,0.13,0.125,1.0,0.0,0.0,0.0,0.0,35.213.175.179,192.168.1.68
0,udp,other,OTH,2423,0,0,0,0,0,0,0,0,0,0,0,0,0,0,0,0,0,17,3,0.0,0.0,0.0,0.0,0.18,0.12,1.0,3,3,0.18,0.12,0.1111111111111111,1.0,0.0,0.0,0.0,0.0,35.213.175.179,192.168.1.68
0,tcp,other,S2,925,0,0,0,0,0,0,0,0,0,0,0,0,0,0,0,0,0,18,3,0.0,0.0,0.0,0.0,0.17,0.11,1.0,3,3,0.17,0.11,0.16666666666666666,1.0,0.0,0.0,0.0,0.0,192.168.1.68,162.159.130.234
0,udp,other,OTH,2696,0,0,0,0,0,0,0,0,0,0,0,0,0,0,0,0,0,19,3,0.0,0.0,0.0,0.0,0.16,0.11,1.0,3,3,0.16,0.11,0.1,1.0,0.0,0.0,0.0,0.0,35.213.175.179,192.168.1.68
0,udp,other,OTH,114,0,0,0,0,0,0,0,0,0,0,0,0,0,0,0,0,0,20,3,0.0,0.0,0.0,0.0,0.15,0.1,1.0,3,3,0.15,0.1,1.0,1.0,0.0,0.0,0.0,0.0,192.168.1.68,35.213.175.179
0,udp,other,OTH,2964,0,0,0,0,0,0,0,0,0,0,0,0,0,0,0,0,0,21,3,0.0,0.0,0.0,0.0,0.14,0.1,1.0,3,3,0.14,0.1,0.09090909090909091,1.0,0.0,0.0,0.0,0.0,35.213.175.179,192.168.1.68
0,tcp,http_443,S1,216,0,0,0,0,0,0,0,0,0,0,0,0,0,0,0,0,0,22,4,0.0,0.0,0.0,0.0,0.18,0.09,0.75,3,4,0.18,0.09,0.25,0.75,0.0,0.0,0.0,0.0,162.159.130.234,192.168.1.68
0,udp,other,OTH,3227,0,0,0,0,0,0,0,0,0,0,0,0,0,0,0,0,0,23,4,0.0,0.0,0.0,0.0,0.17,0.09,0.75,3,4,0.17,0.09,0.08333333333333333,0.75,0.0,0.0,0.0,0.0,35.213.175.179,192.168.1.68
0,udp,other,OTH,3480,0,0,0,0,0,0,0,0,0,0,0,0,0,0,0,0,0,24,4,0.0,0.0,0.0,0.0,0.17,0.08,0.75,3,4,0.17,0.08,0.07692307692307693,0.75,0.0,0.0,0.0,0.0,35.213.175.179,192.168.1.68
0,udp,other,OTH,3753,0,0,0,0,0,0,0,0,0,0,0,0,0,0,0,0,0,25,4,0.0,0.0,0.0,0.0,0.16,0.08,0.75,3,4,0.16,0.08,0.07142857142857142,0.75,0.0,0.0,0.0,0.0,35.213.175.179,192.168.1.68
0,tcp,other,S2,1041,0,0,0,0,0,0,0,0,0,0,0,0,0,0,0,0,0,26,4,0.0,0.0,0.0,0.0,0.15,0.08,0.75,3,4,0.15,0.08,0.14285714285714285,0.75,0.0,0.0,0.0,0.0,192.168.1.68,162.159.130.234
0,udp,other,OTH,4044,0,0,0,0,0,0,0,0,0,0,0,0,0,0,0,0,0,27,4,0.0,0.0,0.0,0.0,0.15,0.07,0.75,3,4,0.15,0.07,0.06666666666666667,0.75,0.0,0.0,0.0,0.0,35.213.175.179,192.168.1.68
0,tcp,other,S2,1173,0,0,0,0,0,0,0,0,0,0,0,0,0,0,0,0,0,28,4,0.0,0.0,0.0,0.0,0.14,0.07,0.75,3,4,0.14,0.07,0.125,0.75,0.0,0.0,0.0,0.0,192.168.1.68,162.159.130.234
0,tcp,http_443,S2,270,0,0,0,0,0,0,0,0,0,0,0,0,0,0,0,0,0,29,5,0.0,0.0,0.0,0.0,0.17,0.07,0.6,3,5,0.17,0.07,0.2,0.6,0.0,0.0,0.0,0.0,162.159.130.234,192.168.1.68
0,udp,other,OTH,4301,0,0,0,0,0,0,0,0,0,0,0,0,0,0,0,0,0,30,5,0.0,0.0,0.0,0.0,0.17,0.07,0.6,3,5,0.17,0.07,0.0625,0.6,0.0,0.0,0.0,0.0,35.213.175.179,192.168.1.68
0,udp,other,OTH,4565,0,0,0,0,0,0,0,0,0,0,0,0,0,0,0,0,0,31,5,0.0,0.0,0.0,0.0,0.16,0.06,0.6,3,5,0.16,0.06,0.058823529411764705,0.6,0.0,0.0,0.0,0.0,35.213.175.179,192.168.1.68
0,udp,other,OTH,4841,0,0,0,0,0,0,0,0,0,0,0,0,0,0,0,0,0,32,5,0.0,0.0,0.0,0.0,0.16,0.06,0.6,3,5,0.16,0.06,0.05555555555555555,0.6,0.0,0.0,0.0,0.0,35.213.175.179,192.168.1.68
0,udp,other,OTH,5105,0,0,0,0,0,0,0,0,0,0,0,0,0,0,0,0,0,33,5,0.0,0.0,0.0,0.0,0.15,0.06,0.6,3,5,0.15,0.06,0.05263157894736842,0.6,0.0,0.0,0.0,0.0,35.213.175.179,192.168.1.68
0,udp,other,OTH,5368,0,0,0,0,0,0,0,0,0,0,0,0,0,0,0,0,0,34,5,0.0,0.0,0.0,0.0,0.15,0.06,0.6,3,5,0.15,0.06,0.05,0.6,0.0,0.0,0.0,0.0,35.213.175.179,192.168.1.68
0,udp,other,OTH,5637,0,0,0,0,0,0,0,0,0,0,0,0,0,0,0,0,0,35,5,0.0,0.0,0.0,0.0,0.14,0.06,0.6,3,5,0.14,0.06,0.047619047619047616,0.6,0.0,0.0,0.0,0.0,35.213.175.179,192.168.1.68
0,udp,other,OTH,5901,0,0,0,0,0,0,0,0,0,0,0,0,0,0,0,0,0,36,5,0.0,0.0,0.0,0.0,0.14,0.06,0.6,3,5,0.14,0.06,0.045454545454545456,0.6,0.0,0.0,0.0,0.0,35.213.175.179,192.168.1.68
0,tcp,other,S2,1268,0,0,0,0,0,0,0,0,0,0,0,0,0,0,0,0,0,37,5,0.0,0.0,0.0,0.0,0.14,0.05,0.6,3,5,0.14,0.05,0.1111111111111111,0.6,0.0,0.0,0.0,0.0,192.168.1.68,162.159.130.234
0,udp,other,OTH,6157,0,0,0,0,0,0,0,0,0,0,0,0,0,0,0,0,0,38,5,0.0,0.0,0.0,0.0,0.13,0.05,0.6,3,5,0.13,0.05,0.043478260869565216,0.6,0.0,0.0,0.0,0.0,35.213.175.179,192.168.1.68
0,udp,other,OTH,6412,0,0,0,0,0,0,0,0,0,0,0,0,0,0,0,0,0,39,5,0.0,0.0,0.0,0.0,0.13,0.05,0.6,3,5,0.13,0.05,0.041666666666666664,0.6,0.0,0.0,0.0,0.0,35.213.175.179,192.168.1.68
0,tcp,http_443,S2,324,0,0,0,0,0,0,0,0,0,0,0,0,0,0,0,0,0,40,6,0.0,0.0,0.0,0.0,0.15,0.05,0.5,3,6,0.15,0.05,0.16666666666666666,0.5,0.0,0.0,0.0,0.0,162.159.130.234,192.168.1.68
0,udp,other,OTH,6667,0,0,0,0,0,0,0,0,0,0,0,0,0,0,0,0,0,41,6,0.0,0.0,0.0,0.0,0.15,0.05,0.5,3,6,0.15,0.05,0.04,0.5,0.0,0.0,0.0,0.0,35.213.175.179,192.168.1.68
0,udp,other,OTH,6924,0,0,0,0,0,0,0,0,0,0,0,0,0,0,0,0,0,42,6,0.0,0.0,0.0,0.0,0.14,0.05,0.5,3,6,0.14,0.05,0.038461538461538464,0.5,0.0,0.0,0.0,0.0,35.213.175.179,192.168.1.68
0,udp,other,OTH,7182,0,0,0,0,0,0,0,0,0,0,0,0,0,0,0,0,0,43,6,0.0,0.0,0.0,0.0,0.14,0.05,0.5,3,6,0.14,0.05,0.037037037037037035,0.5,0.0,0.0,0.0,0.0,35.213.175.179,192.168.1.68
0,tcp,http_443,OTH,127,0,0,0,0,0,0,0,0,0,0,0,0,0,0,0,0,0,44,7,0.0,0.0,0.0,0.0,0.16,0.05,0.57,4,7,0.16,0.05,1.0,0.57,0.0,0.0,0.0,0.0,162.159.137.234,192.168.1.68
0,udp,other,OTH,7442,0,0,0,0,0,0,0,0,0,0,0,0,0,0,0,0,0,45,7,0.0,0.0,0.0,0.0,0.16,0.04,0.57,4,7,0.16,0.04,0.03571428571428571,0.57,0.0,0.0,0.0,0.0,35.213.175.179,192.168.1.68
0,tcp,other,OTH,60,0,0,0,0,0,0,0,0,0,0,0,0,0,0,0,0,0,46,7,0.0,0.0,0.0,0.0,0.15,0.04,0.57,4,7,0.15,0.04,1.0,0.57,0.0,0.0,0.0,0.0,192.168.1.68,162.159.137.234
0,udp,other,OTH,7709,0,0,0,0,0,0,0,0,0,0,0,0,0,0,0,0,0,47,7,0.0,0.0,0.0,0.0,0.15,0.04,0.57,4,7,0.15,0.04,0.034482758620689655,0.57,0.0,0.0,0.0,0.0,35.213.175.179,192.168.1.68
0,udp,other,OTH,7971,0,0,0,0,0,0,0,0,0,0,0,0,0,0,0,0,0,48,7,0.0,0.0,0.0,0.0,0.15,0.04,0.57,4,7,0.15,0.04,0.03333333333333333,0.57,0.0,0.0,0.0,0.0,35.213.175.179,192.168.1.68
0,udp,other,OTH,8229,0,0,0,0,0,0,0,0,0,0,0,0,0,0,0,0,0,49,7,0.0,0.0,0.0,0.0,0.14,0.04,0.57,4,7,0.14,0.04,0.03225806451612903,0.57,0.0,0.0,0.0,0.0,35.213.175.179,192.168.1.68
0,udp,other,OTH,8480,0,0,0,0,0,0,0,0,0,0,0,0,0,0,0,0,0,50,7,0.0,0.0,0.0,0.0,0.14,0.04,0.57,4,7,0.14,0.04,0.03125,0.57,0.0,0.0,0.0,0.0,35.213.175.179,192.168.1.68
0,tcp,other,S1,170,0,0,0,0,0,0,0,0,0,0,0,0,0,0,0,0,0,51,7,0.0,0.0,0.0,0.0,0.14,0.04,0.57,4,7,0.14,0.04,0.5,0.57,0.0,0.0,0.0,0.0,192.168.1.68,162.159.137.234
0,udp,other,OTH,8745,0,0,0,0,0,0,0,0,0,0,0,0,0,0,0,0,0,52,7,0.0,0.0,0.0,0.0,0.13,0.04,0.57,4,7,0.13,0.04,0.030303030303030304,0.57,0.0,0.0,0.0,0.0,35.213.175.179,192.168.1.68
0,tcp,http_443,OTH,55,0,0,0,0,0,0,0,0,0,0,0,0,0,0,0,0,0,53,8,0.0,0.0,0.0,0.0,0.15,0.04,0.62,5,8,0.15,0.04,1.0,0.62,0.0,0.0,0.0,0.0,13.107.246.68,192.168.1.68
0,tcp,other,OTH,66,0,0,0,0,0,0,0,0,0,0,0,0,0,0,0,0,0,54,8,0.0,0.0,0.0,0.0,0.15,0.04,0.62,5,8,0.15,0.04,1.0,0.62,0.0,0.0,0.0,0.0,192.168.1.68,13.107.246.68
0,tcp,other,S3,1377,0,0,0,0,0,0,0,0,0,0,0,0,0,0,0,0,0,55,8,0.0,0.0,0.0,0.0,0.15,0.04,0.62,5,8,0.15,0.04,0.1,0.62,0.0,0.0,0.0,0.0,192.168.1.68,162.159.130.234
0,udp,other,OTH,9008,0,0,0,0,0,0,0,0,0,0,0,0,0,0,0,0,0,56,8,0.0,0.0,0.0,0.0,0.14,0.04,0.62,5,8,0.14,0.04,0.029411764705882353,0.62,0.0,0.0,0.0,0.0,35.213.175.179,192.168.1.68
0,tcp,http_443,S1,181,0,0,0,0,0,0,0,0,0,0,0,0,0,0,0,0,0,57,9,0.0,0.0,0.0,0.0,0.16,0.04,0.56,5,9,0.16,0.04,0.5,0.56,0.0,0.0,0.0,0.0,162.159.137.234,192.168.1.68
0,udp,other,OTH,9270,0,0,0,0,0,0,0,0,0,0,0,0,0,0,0,0,0,58,9,0.0,0.0,0.0,0.0,0.16,0.03,0.56,5,9,0.16,0.03,0.02857142857142857,0.56,0.0,0.0,0.0,0.0,35.213.175.179,192.168.1.68
0,tcp,http_443,S2,378,0,0,0,0,0,0,0,0,0,0,0,0,0,0,0,0,0,59,10,0.0,0.0,0.0,0.0,0.17,0.03,0.5,5,10,0.17,0.03,0.14285714285714285,0.5,0.0,0.0,0.0,0.0,162.159.130.234,192.168.1.68
0,udp,other,OTH,9522,0,0,0,0,0,0,0,0,0,0,0,0,0,0,0,0,0,60,10,0.0,0.0,0.0,0.0,0.17,0.03,0.5,5,10,0.17,0.03,0.027777777777777776,0.5,0.0,0.0,0.0,0.0,35.213.175.179,192.168.1.68
0,udp,other,OTH,9777,0,0,0,0,0,0,0,0,0,0,0,0,0,0,0,0,0,61,10,0.0,0.0,0.0,0.0,0.16,0.03,0.5,5,10,0.16,0.03,0.02702702702702703,0.5,0.0,0.0,0.0,0.0,35.213.175.179,192.168.1.68
0,udp,other,OTH,9879,0,0,0,0,0,0,0,0,0,0,0,0,0,0,0,0,0,62,10,0.0,0.0,0.0,0.0,0.16,0.03,0.5,5,10,0.16,0.03,0.02631578947368421,0.5,0.0,0.0,0.0,0.0,35.213.175.179,192.168.1.68
0,udp,other,OTH,10132,0,0,0,0,0,0,0,0,0,0,0,0,0,0,0,0,0,63,10,0.0,0.0,0.0,0.0,0.16,0.03,0.5,5,10,0.16,0.03,0.02564102564102564,0.5,0.0,0.0,0.0,0.0,35.213.175.179,192.168.1.68
0,udp,other,OTH,10403,0,0,0,0,0,0,0,0,0,0,0,0,0,0,0,0,0,64,10,0.0,0.0,0.0,0.0,0.16,0.03,0.5,5,10,0.16,0.03,0.025,0.5,0.0,0.0,0.0,0.0,35.213.175.179,192.168.1.68
0,udp,other,OTH,10673,0,0,0,0,0,0,0,0,0,0,0,0,0,0,0,0,0,65,10,0.0,0.0,0.0,0.0,0.15,0.03,0.5,5,10,0.15,0.03,0.024390243902439025,0.5,0.0,0.0,0.0,0.0,35.213.175.179,192.168.1.68
0,udp,other,OTH,10941,0,0,0,0,0,0,0,0,0,0,0,0,0,0,0,0,0,66,10,0.0,0.0,0.0,0.0,0.15,0.03,0.5,5,10,0.15,0.03,0.023809523809523808,0.5,0.0,0.0,0.0,0.0,35.213.175.179,192.168.1.68
0,udp,other,OTH,11208,0,0,0,0,0,0,0,0,0,0,0,0,0,0,0,0,0,67,10,0.0,0.0,0.0,0.0,0.15,0.03,0.5,5,10,0.15,0.03,0.023255813953488372,0.5,0.0,0.0,0.0,0.0,35.213.175.179,192.168.1.68
0,udp,other,OTH,11471,0,0,0,0,0,0,0,0,0,0,0,0,0,0,0,0,0,68,10,0.0,0.0,0.0,0.0,0.15,0.03,0.5,5,10,0.15,0.03,0.022727272727272728,0.5,0.0,0.0,0.0,0.0,35.213.175.179,192.168.1.68
0,udp,other,OTH,11742,0,0,0,0,0,0,0,0,0,0,0,0,0,0,0,0,0,69,10,0.0,0.0,0.0,0.0,0.14,0.03,0.5,5,10,0.14,0.03,0.022222222222222223,0.5,0.0,0.0,0.0,0.0,35.213.175.179,192.168.1.68
0,udp,other,OTH,12006,0,0,0,0,0,0,0,0,0,0,0,0,0,0,0,0,0,70,10,0.0,0.0,0.0,0.0,0.14,0.03,0.5,5,10,0.14,0.03,0.021739130434782608,0.5,0.0,0.0,0.0,0.0,35.213.175.179,192.168.1.68
0,udp,other,OTH,12274,0,0,0,0,0,0,0,0,0,0,0,0,0,0,0,0,0,1,0,0.0,0.0,0.0,0.0,0.0,1.0,0.0,1,0,0.0,1.0,0.02127659574468085,0.0,0.0,0.0,0.0,0.0,35.213.175.179,192.168.1.68
0,tcp,other,S3,1563,0,0,0,0,0,0,0,0,0,0,0,0,0,0,0,0,0,2,0,0.0,0.0,0.0,0.0,0.0,0.5,0.0,2,0,0.0,0.5,0.09090909090909091,0.0,0.0,0.0,0.0,0.0,192.168.1.68,162.159.130.234
0,udp,other,OTH,12547,0,0,0,0,0,0,0,0,0,0,0,0,0,0,0,0,0,3,0,0.0,0.0,0.0,0.0,0.0,0.33,0.0,2,0,0.0,0.33,0.020833333333333332,0.0,0.0,0.0,0.0,0.0,35.213.175.179,192.168.1.68
0,udp,other,OTH,12810,0,0,0,0,0,0,0,0,0,0,0,0,0,0,0,0,0,4,0,0.0,0.0,0.0,0.0,0.0,0.25,0.0,2,0,0.0,0.25,0.02040816326530612,0.0,0.0,0.0,0.0,0.0,35.213.175.179,192.168.1.68
0,tcp,http_443,S2,432,0,0,0,0,0,0,0,0,0,0,0,0,0,0,0,0,0,5,1,0.0,0.0,0.0,0.0,0.2,0.4,1.0,3,1,0.2,0.4,0.125,1.0,0.0,0.0,0.0,0.0,162.159.130.234,192.168.1.68
0,udp,other,OTH,13070,0,0,0,0,0,0,0,0,0,0,0,0,0,0,0,0,0,6,1,0.0,0.0,0.0,0.0,0.17,0.33,1.0,3,1,0.17,0.33,0.02,1.0,0.0,0.0,0.0,0.0,35.213.175.179,192.168.1.68
0,udp,other,OTH,13327,0,0,0,0,0,0,0,0,0,0,0,0,0,0,0,0,0,7,1,0.0,0.0,0.0,0.0,0.14,0.29,1.0,3,1,0.14,0.29,0.0196078431372549,1.0,0.0,0.0,0.0,0.0,35.213.175.179,192.168.1.68
1,udp,other,OTH,13590,0,0,0,0,0,0,0,0,0,0,0,0,0,0,0,0,0,8,1,0.0,0.0,0.0,0.0,0.12,0.25,1.0,3,1,0.12,0.25,0.019230769230769232,1.0,0.0,0.0,0.0,0.0,35.213.175.179,192.168.1.68
1,udp,other,OTH,13850,0,0,0,0,0,0,0,0,0,0,0,0,0,0,0,0,0,9,1,0.0,0.0,0.0,0.0,0.11,0.22,1.0,3,1,0.11,0.22,0.018867924528301886,1.0,0.0,0.0,0.0,0.0,35.213.175.179,192.168.1.68
1,udp,other,OTH,14094,0,0,0,0,0,0,0,0,0,0,0,0,0,0,0,0,0,10,1,0.0,0.0,0.0,0.0,0.1,0.2,1.0,3,1,0.1,0.2,0.018518518518518517,1.0,0.0,0.0,0.0,0.0,35.213.175.179,192.168.1.68
1,udp,other,OTH,14345,0,0,0,0,0,0,0,0,0,0,0,0,0,0,0,0,0,11,1,0.0,0.0,0.0,0.0,0.09,0.18,1.0,3,1,0.09,0.18,0.01818181818181818,1.0,0.0,0.0,0.0,0.0,35.213.175.179,192.168.1.68
1,udp,other,OTH,14608,0,0,0,0,0,0,0,0,0,0,0,0,0,0,0,0,0,12,1,0.0,0.0,0.0,0.0,0.08,0.17,1.0,3,1,0.08,0.17,0.017857142857142856,1.0,0.0,0.0,0.0,0.0,35.213.175.179,192.168.1.68
1,udp,other,OTH,14866,0,0,0,0,0,0,0,0,0,0,0,0,0,0,0,0,0,13,1,0.0,0.0,0.0,0.0,0.08,0.15,1.0,3,1,0.08,0.15,0.017543859649122806,1.0,0.0,0.0,0.0,0.0,35.213.175.179,192.168.1.68
1,udp,other,OTH,15124,0,0,0,0,0,0,0,0,0,0,0,0,0,0,0,0,0,14,1,0.0,0.0,0.0,0.0,0.07,0.14,1.0,3,1,0.07,0.14,0.017241379310344827,1.0,0.0,0.0,0.0,0.0,35.213.175.179,192.168.1.68
1,udp,other,OTH,15388,0,0,0,0,0,0,0,0,0,0,0,0,0,0,0,0,0,15,1,0.0,0.0,0.0,0.0,0.07,0.13,1.0,3,1,0.07,0.13,0.01694915254237288,1.0,0.0,0.0,0.0,0.0,35.213.175.179,192.168.1.68
1,udp,other,OTH,15652,0,0,0,0,0,0,0,0,0,0,0,0,0,0,0,0,0,16,1,0.0,0.0,0.0,0.0,0.06,0.13,1.0,3,1,0.06,0.13,0.016666666666666666,1.0,0.0,0.0,0.0,0.0,35.213.175.179,192.168.1.68
1,udp,other,OTH,15908,0,0,0,0,0,0,0,0,0,0,0,0,0,0,0,0,0,17,1,0.0,0.0,0.0,0.0,0.06,0.12,1.0,3,1,0.06,0.12,0.01639344262295082,1.0,0.0,0.0,0.0,0.0,35.213.175.179,192.168.1.68
1,udp,other,OTH,208,0,0,0,0,0,0,0,0,0,0,0,0,0,0,0,0,0,18,1,0.0,0.0,0.0,0.0,0.06,0.11,1.0,3,1,0.06,0.11,0.5,1.0,0.0,0.0,0.0,0.0,192.168.1.68,35.213.175.179
1,udp,other,OTH,16167,0,0,0,0,0,0,0,0,0,0,0,0,0,0,0,0,0,19,1,0.0,0.0,0.0,0.0,0.05,0.11,1.0,3,1,0.05,0.11,0.016129032258064516,1.0,0.0,0.0,0.0,0.0,35.213.175.179,192.168.1.68
1,udp,other,OTH,16439,0,0,0,0,0,0,0,0,0,0,0,0,0,0,0,0,0,20,1,0.0,0.0,0.0,0.0,0.05,0.1,1.0,3,1,0.05,0.1,0.015873015873015872,1.0,0.0,0.0,0.0,0.0,35.213.175.179,192.168.1.68
0,tcp,http_443,OTH,172,0,0,0,0,0,0,0,0,0,0,0,0,0,0,0,0,0,21,2,0.0,0.0,0.0,0.0,0.1,0.1,1.0,4,2,0.1,0.1,1.0,1.0,0.0,0.0,0.0,0.0,20.189.173.5,192.168.1.68
0,tcp,http_443,S1,2471,0,0,0,0,0,0,0,0,0,0,0,0,0,0,0,0,0,22,3,0.0,0.0,0.0,0.0,0.14,0.09,1.0,4,3,0.14,0.09,0.5,1.0,0.0,0.0,0.0,0.0,20.189.173.5,192.168.1.68
1,udp,other,OTH,16695,0,0,0,0,0,0,0,0,0,0,0,0,0,0,0,0,0,23,3,0.0,0.0,0.0,0.0,0.13,0.09,1.0,4,3,0.13,0.09,0.015625,1.0,0.0,0.0,0.0,0.0,35.213.175.179,192.168.1.68
1,udp,other,OTH,16947,0,0,0,0,0,0,0,0,0,0,0,0,0,0,0,0,0,24,3,0.0,0.0,0.0,0.0,0.12,0.08,1.0,4,3,0.12,0.08,0.015384615384615385,1.0,0.0,0.0,0.0,0.0,35.213.175.179,192.168.1.68
1,udp,other,OTH,17196,0,0,0,0,0,0,0,0,0,0,0,0,0,0,0,0,0,25,3,0.0,0.0,0.0,0.0,0.12,0.08,1.0,4,3,0.12,0.08,0.015151515151515152,1.0,0.0,0.0,0.0,0.0,35.213.175.179,192.168.1.68
1,udp,other,OTH,17445,0,0,0,0,0,0,0,0,0,0,0,0,0,0,0,0,0,26,3,0.0,0.0,0.0,0.0,0.12,0.08,1.0,4,3,0.12,0.08,0.014925373134328358,1.0,0.0,0.0,0.0,0.0,35.213.175.179,192.168.1.68
1,udp,other,OTH,17717,0,0,0,0,0,0,0,0,0,0,0,0,0,0,0,0,0,27,3,0.0,0.0,0.0,0.0,0.11,0.07,1.0,4,3,0.11,0.07,0.014705882352941176,1.0,0.0,0.0,0.0,0.0,35.213.175.179,192.168.1.68
1,udp,other,OTH,386,0,0,0,0,0,0,0,0,0,0,0,0,0,0,0,0,0,28,3,0.0,0.0,0.0,0.0,0.11,0.07,1.0,4,3,0.11,0.07,0.3333333333333333,1.0,0.0,0.0,0.0,0.0,192.168.1.68,35.213.175.179
1,udp,other,OTH,17989,0,0,0,0,0,0,0,0,0,0,0,0,0,0,0,0,0,29,3,0.0,0.0,0.0,0.0,0.1,0.07,1.0,4,3,0.1,0.07,0.014492753623188406,1.0,0.0,0.0,0.0,0.0,35.213.175.179,192.168.1.68
1,udp,other,OTH,612,0,0,0,0,0,0,0,0,0,0,0,0,0,0,0,0,0,30,3,0.0,0.0,0.0,0.0,0.1,0.07,1.0,4,3,0.1,0.07,0.25,1.0,0.0,0.0,0.0,0.0,192.168.1.68,35.213.175.179
1,udp,other,OTH,18252,0,0,0,0,0,0,0,0,0,0,0,0,0,0,0,0,0,31,3,0.0,0.0,0.0,0.0,0.1,0.06,1.0,4,3,0.1,0.06,0.014285714285714285,1.0,0.0,0.0,0.0,0.0,35.213.175.179,192.168.1.68
1,udp,other,OTH,868,0,0,0,0,0,0,0,0,0,0,0,0,0,0,0,0,0,32,3,0.0,0.0,0.0,0.0,0.09,0.06,1.0,4,3,0.09,0.06,0.2,1.0,0.0,0.0,0.0,0.0,192.168.1.68,35.213.175.179
1,udp,other,OTH,18480,0,0,0,0,0,0,0,0,0,0,0,0,0,0,0,0,0,33,3,0.0,0.0,0.0,0.0,0.09,0.06,1.0,4,3,0.09,0.06,0.014084507042253521,1.0,0.0,0.0,0.0,0.0,35.213.175.179,192.168.1.68
1,udp,other,OTH,1134,0,0,0,0,0,0,0,0,0,0,0,0,0,0,0,0,0,34,3,0.0,0.0,0.0,0.0,0.09,0.06,1.0,4,3,0.09,0.06,0.16666666666666666,1.0,0.0,0.0,0.0,0.0,192.168.1.68,35.213.175.179
1,udp,other,OTH,18720,0,0,0,0,0,0,0,0,0,0,0,0,0,0,0,0,0,35,3,0.0,0.0,0.0,0.0,0.09,0.06,1.0,4,3,0.09,0.06,0.013888888888888888,1.0,0.0,0.0,0.0,0.0,35.213.175.179,192.168.1.68
1,udp,other,OTH,1399,0,0,0,0,0,0,0,0,0,0,0,0,0,0,0,0,0,36,3,0.0,0.0,0.0,0.0,0.08,0.06,1.0,4,3,0.08,0.06,0.14285714285714285,1.0,0.0,0.0,0.0,0.0,192.168.1.68,35.213.175.179
1,udp,other,OTH,18989,0,0,0,0,0,0,0,0,0,0,0,0,0,0,0,0,0,37,3,0.0,0.0,0.0,0.0,0.08,0.05,1.0,4,3,0.08,0.05,0.0136986301369863,1.0,0.0,0.0,0.0,0.0,35.213.175.179,192.168.1.68
1,udp,other,OTH,1656,0,0,0,0,0,0,0,0,0,0,0,0,0,0,0,0,0,38,3,0.0,0.0,0.0,0.0,0.08,0.05,1.0,4,3,0.08,0.05,0.125,1.0,0.0,0.0,0.0,0.0,192.168.1.68,35.213.175.179
1,udp,other,OTH,19256,0,0,0,0,0,0,0,0,0,0,0,0,0,0,0,0,0,39,3,0.0,0.0,0.0,0.0,0.08,0.05,1.0,4,3,0.08,0.05,0.013513513513513514,1.0,0.0,0.0,0.0,0.0,35.213.175.179,192.168.1.68
1,udp,other,OTH,1910,0,0,0,0,0,0,0,0,0,0,0,0,0,0,0,0,0,40,3,0.0,0.0,0.0,0.0,0.07,0.05,1.0,4,3,0.07,0.05,0.1111111111111111,1.0,0.0,0.0,0.0,0.0,192.168.1.68,35.213.175.179
1,udp,other,OTH,19513,0,0,0,0,0,0,0,0,0,0,0,0,0,0,0,0,0,41,3,0.0,0.0,0.0,0.0,0.07,0.05,1.0,4,3,0.07,0.05,0.013333333333333334,1.0,0.0,0.0,0.0,0.0,35.213.175.179,192.168.1.68
0,tcp,other,OTH,60,0,0,0,0,0,0,0,0,0,0,0,0,0,0,0,0,0,42,3,0.0,0.0,0.0,0.0,0.07,0.05,1.0,4,3,0.07,0.05,1.0,1.0,0.0,0.0,0.0,0.0,192.168.1.68,20.189.173.5
0,tcp,other,S1,235,0,0,0,0,0,0,0,0,0,0,0,0,0,0,0,0,0,43,3,0.0,0.0,0.0,0.0,0.07,0.05,1.0,4,3,0.07,0.05,0.5,1.0,0.0,0.0,0.0,0.0,192.168.1.68,20.189.173.5
0,tcp,http_443,S1,2560,0,0,0,0,0,0,0,0,0,0,0,0,0,0,0,0,0,44,4,0.0,0.0,0.0,0.0,0.09,0.05,1.0,4,4,0.09,0.05,0.3333333333333333,1.0,0.0,0.0,0.0,0.0,20.189.173.5,192.168.1.68
1,udp,other,OTH,2175,0,0,0,0,0,0,0,0,0,0,0,0,0,0,0,0,0,45,4,0.0,0.0,0.0,0.0,0.09,0.04,1.0,4,4,0.09,0.04,0.1,1.0,0.0,0.0,0.0,0.0,192.168.1.68,35.213.175.179
1,udp,other,OTH,19777,0,0,0,0,0,0,0,0,0,0,0,0,0,0,0,0,0,46,4,0.0,0.0,0.0,0.0,0.09,0.04,1.0,4,4,0.09,0.04,0.013157894736842105,1.0,0.0,0.0,0.0,0.0,35.213.175.179,192.168.1.68
1,udp,other,OTH,2432,0,0,0,0,0,0,0,0,0,0,0,0,0,0,0,0,0,47,4,0.0,0.0,0.0,0.0,0.09,0.04,1.0,4,4,0.09,0.04,0.09090909090909091,1.0,0.0,0.0,0.0,0.0,192.168.1.68,35.213.175.179
1,udp,other,OTH,20029,0,0,0,0,0,0,0,0,0,0,0,0,0,0,0,0,0,48,4,0.0,0.0,0.0,0.0,0.08,0.04,1.0,4,4,0.08,0.04,0.012987012987012988,1.0,0.0,0.0,0.0,0.0,35.213.175.179,192.168.1.68
1,udp,other,OTH,2664,0,0,0,0,0,0,0,0,0,0,0,0,0,0,0,0,0,49,4,0.0,0.0,0.0,0.0,0.08,0.04,1.0,4,4,0.08,0.04,0.08333333333333333,1.0,0.0,0.0,0.0,0.0,192.168.1.68,35.213.175.179
1,udp,other,OTH,20288,0,0,0,0,0,0,0,0,0,0,0,0,0,0,0,0,0,50,4,0.0,0.0,0.0,0.0,0.08,0.04,1.0,4,4,0.08,0.04,0.01282051282051282,1.0,0.0,0.0,0.0,0.0,35.213.175.179,192.168.1.68
1,udp,other,OTH,2886,0,0,0,0,0,0,0,0,0,0,0,0,0,0,0,0,0,51,4,0.0,0.0,0.0,0.0,0.08,0.04,1.0,4,4,0.08,0.04,0.07692307692307693,1.0,0.0,0.0,0.0,0.0,192.168.1.68,35.213.175.179
1,udp,other,OTH,20526,0,0,0,0,0,0,0,0,0,0,0,0,0,0,0,0,0,52,4,0.0,0.0,0.0,0.0,0.08,0.04,1.0,4,4,0.08,0.04,0.012658227848101266,1.0,0.0,0.0,0.0,0.0,35.213.175.179,192.168.1.68
1,udp,other,OTH,3105,0,0,0,0,0,0,0,0,0,0,0,0,0,0,0,0,0,53,4,0.0,0.0,0.0,0.0,0.08,0.04,1.0,4,4,0.08,0.04,0.07142857142857142,1.0,0.0,0.0,0.0,0.0,192.168.1.68,35.213.175.179
1,udp,other,OTH,20757,0,0,0,0,0,0,0,0,0,0,0,0,0,0,0,0,0,54,4,0.0,0.0,0.0,0.0,0.07,0.04,1.0,4,4,0.07,0.04,0.0125,1.0,0.0,0.0,0.0,0.0,35.213.175.179,192.168.1.68
1,udp,other,OTH,3338,0,0,0,0,0,0,0,0,0,0,0,0,0,0,0,0,0,55,4,0.0,0.0,0.0,0.0,0.07,0.04,1.0,4,4,0.07,0.04,0.06666666666666667,1.0,0.0,0.0,0.0,0.0,192.168.1.68,35.213.175.179
1,udp,other,OTH,21010,0,0,0,0,0,0,0,0,0,0,0,0,0,0,0,0,0,56,4,0.0,0.0,0.0,0.0,0.07,0.04,1.0,4,4,0.07,0.04,0.012345679012345678,1.0,0.0,0.0,0.0,0.0,35.213.175.179,192.168.1.68
1,udp,other,OTH,3569,0,0,0,0,0,0,0,0,0,0,0,0,0,0,0,0,0,57,4,0.0,0.0,0.0,0.0,0.07,0.04,1.0,4,4,0.07,0.04,0.0625,1.0,0.0,0.0,0.0,0.0,192.168.1.68,35.213.175.179
1,udp,other,OTH,21278,0,0,0,0,0,0,0,0,0,0,0,0,0,0,0,0,0,58,4,0.0,0.0,0.0,0.0,0.07,0.03,1.0,4,4,0.07,0.03,0.012195121951219513,1.0,0.0,0.0,0.0,0.0,35.213.175.179,192.168.1.68
1,udp,other,OTH,3792,0,0,0,0,0,0,0,0,0,0,0,0,0,0,0,0,0,59,4,0.0,0.0,0.0,0.0,0.07,0.03,1.0,4,4,0.07,0.03,0.058823529411764705,1.0,0.0,0.0,0.0,0.0,192.168.1.68,35.213.175.179
1,tcp,other,S3,1737,0,0,0,0,0,0,0,0,0,0,0,0,0,0,0,0,0,60,4,0.0,0.0,0.0,0.0,0.07,0.03,1.0,4,4,0.07,0.03,0.08333333333333333,1.0,0.0,0.0,0.0,0.0,192.168.1.68,162.159.130.234
1,udp,other,OTH,21548,0,0,0,0,0,0,0,0,0,0,0,0,0,0,0,0,0,61,4,0.0,0.0,0.0,0.0,0.07,0.03,1.0,4,4,0.07,0.03,0.012048192771084338,1.0,0.0,0.0,0.0,0.0,35.213.175.179,192.168.1.68
1,udp,other,OTH,4012,0,0,0,0,0,0,0,0,0,0,0,0,0,0,0,0,0,62,4,0.0,0.0,0.0,0.0,0.06,0.03,1.0,4,4,0.06,0.03,0.05555555555555555,1.0,0.0,0.0,0.0,0.0,192.168.1.68,35.213.175.179
1,udp,other,OTH,21817,0,0,0,0,0,0,0,0,0,0,0,0,0,0,0,0,0,63,4,0.0,0.0,0.0,0.0,0.06,0.03,1.0,4,4,0.06,0.03,0.011904761904761904,1.0,0.0,0.0,0.0,0.0,35.213.175.179,192.168.1.68
1,udp,other,OTH,4238,0,0,0,0,0,0,0,0,0,0,0,0,0,0,0,0,0,64,4,0.0,0.0,0.0,0.0,0.06,0.03,1.0,4,4,0.06,0.03,0.05263157894736842,1.0,0.0,0.0,0.0,0.0,192.168.1.68,35.213.175.179
1,tcp,http_443,S2,486,0,0,0,0,0,0,0,0,0,0,0,0,0,0,0,0,0,65,5,0.0,0.0,0.0,0.0,0.08,0.03,0.8,4,5,0.08,0.03,0.1111111111111111,0.8,0.0,0.0,0.0,0.0,162.159.130.234,192.168.1.68
1,tcp,http_443,S1,110,0,0,0,0,0,0,0,0,0,0,0,0,0,0,0,0,0,66,6,0.0,0.0,0.0,0.0,0.09,0.03,0.83,5,6,0.09,0.03,0.5,0.83,0.0,0.0,0.0,0.0,13.107.246.68,192.168.1.68
1,udp,other,OTH,22071,0,0,0,0,0,0,0,0,0,0,0,0,0,0,0,0,0,67,6,0.0,0.0,0.0,0.0,0.09,0.03,0.83,5,6,0.09,0.03,0.011764705882352941,0.83,0.0,0.0,0.0,0.0,35.213.175.179,192.168.1.68
1,udp,other,OTH,4430,0,0,0,0,0,0,0,0,0,0,0,0,0,0,0,0,0,68,6,0.0,0.0,0.0,0.0,0.09,0.03,0.83,5,6,0.09,0.03,0.05,0.83,0.0,0.0,0.0,0.0,192.168.1.68,35.213.175.179
1,tcp,other,S1,132,0,0,0,0,0,0,0,0,0,0,0,0,0,0,0,0,0,69,6,0.0,0.0,0.0,0.0,0.09,0.03,0.83,5,6,0.09,0.03,0.5,0.83,0.0,0.0,0.0,0.0,192.168.1.68,13.107.246.68
1,udp,other,OTH,22337,0,0,0,0,0,0,0,0,0,0,0,0,0,0,0,0,0,70,6,0.0,0.0,0.0,0.0,0.09,0.03,0.83,5,6,0.09,0.03,0.011627906976744186,0.83,0.0,0.0,0.0,0.0,35.213.175.179,192.168.1.68
1,udp,other,OTH,4519,0,0,0,0,0,0,0,0,0,0,0,0,0,0,0,0,0,71,6,0.0,0.0,0.0,0.0,0.08,0.03,0.83,5,6,0.08,0.03,0.047619047619047616,0.83,0.0,0.0,0.0,0.0,192.168.1.68,35.213.175.179
1,udp,other,OTH,22601,0,0,0,0,0,0,0,0,0,0,0,0,0,0,0,0,0,72,6,0.0,0.0,0.0,0.0,0.08,0.03,0.83,5,6,0.08,0.03,0.011494252873563218,0.83,0.0,0.0,0.0,0.0,35.213.175.179,192.168.1.68
1,udp,other,OTH,4608,0,0,0,0,0,0,0,0,0,0,0,0,0,0,0,0,0,73,6,0.0,0.0,0.0,0.0,0.08,0.03,0.83,5,6,0.08,0.03,0.045454545454545456,0.83,0.0,0.0,0.0,0.0,192.168.1.68,35.213.175.179
1,udp,other,OTH,22847,0,0,0,0,0,0,0,0,0,0,0,0,0,0,0,0,0,74,6,0.0,0.0,0.0,0.0,0.08,0.03,0.83,5,6,0.08,0.03,0.011363636363636364,0.83,0.0,0.0,0.0,0.0,35.213.175.179,192.168.1.68
1,udp,other,OTH,4697,0,0,0,0,0,0,0,0,0,0,0,0,0,0,0,0,0,75,6,0.0,0.0,0.0,0.0,0.08,0.03,0.83,5,6,0.08,0.03,0.043478260869565216,0.83,0.0,0.0,0.0,0.0,192.168.1.68,35.213.175.179
1,udp,other,OTH,23113,0,0,0,0,0,0,0,0,0,0,0,0,0,0,0,0,0,76,6,0.0,0.0,0.0,0.0,0.08,0.03,0.83,5,6,0.08,0.03,0.011235955056179775,0.83,0.0,0.0,0.0,0.0,35.213.175.179,192.168.1.68
1,udp,other,OTH,4786,0,0,0,0,0,0,0,0,0,0,0,0,0,0,0,0,0,77,6,0.0,0.0,0.0,0.0,0.08,0.03,0.83,5,6,0.08,0.03,0.041666666666666664,0.83,0.0,0.0,0.0,0.0,192.168.1.68,35.213.175.179
1,udp,other,OTH,23384,0,0,0,0,0,0,0,0,0,0,0,0,0,0,0,0,0,78,6,0.0,0.0,0.0,0.0,0.08,0.03,0.83,5,6,0.08,0.03,0.011111111111111112,0.83,0.0,0.0,0.0,0.0,35.213.175.179,192.168.1.68
0,tcp,other,S1,295,0,0,0,0,0,0,0,0,0,0,0,0,0,0,0,0,0,79,6,0.0,0.0,0.0,0.0,0.08,0.03,0.83,5,6,0.08,0.03,0.3333333333333333,0.83,0.0,0.0,0.0,0.0,192.168.1.68,20.189.173.5
1,udp,other,OTH,4875,0,0,0,0,0,0,0,0,0,0,0,0,0,0,0,0,0,80,6,0.0,0.0,0.0,0.0,0.07,0.03,0.83,5,6,0.07,0.03,0.04,0.83,0.0,0.0,0.0,0.0,192.168.1.68,35.213.175.179
1,udp,other,OTH,23654,0,0,0,0,0,0,0,0,0,0,0,0,0,0,0,0,0,81,6,0.0,0.0,0.0,0.0,0.07,0.02,0.83,5,6,0.07,0.02,0.01098901098901099,0.83,0.0,0.0,0.0,0.0,35.213.175.179,192.168.1.68
1,udp,other,OTH,4964,0,0,0,0,0,0,0,0,0,0,0,0,0,0,0,0,0,82,6,0.0,0.0,0.0,0.0,0.07,0.02,0.83,5,6,0.07,0.02,0.038461538461538464,0.83,0.0,0.0,0.0,0.0,192.168.1.68,35.213.175.179
1,udp,other,OTH,23918,0,0,0,0,0,0,0,0,0,0,0,0,0,0,0,0,0,83,6,0.0,0.0,0.0,0.0,0.07,0.02,0.83,5,6,0.07,0.02,0.010869565217391304,0.83,0.0,0.0,0.0,0.0,35.213.175.179,192.168.1.68
1,udp,other,OTH,5053,0,0,0,0,0,0,0,0,0,0,0,0,0,0,0,0,0,84,6,0.0,0.0,0.0,0.0,0.07,0.02,0.83,5,6,0.07,0.02,0.037037037037037035,0.83,0.0,0.0,0.0,0.0,192.168.1.68,35.213.175.179
1,udp,other,OTH,24174,0,0,0,0,0,0,0,0,0,0,0,0,0,0,0,0,0,85,6,0.0,0.0,0.0,0.0,0.07,0.02,0.83,5,6,0.07,0.02,0.010752688172043012,0.83,0.0,0.0,0.0,0.0,35.213.175.179,192.168.1.68
1,udp,other,OTH,5142,0,0,0,0,0,0,0,0,0,0,0,0,0,0,0,0,0,86,6,0.0,0.0,0.0,0.0,0.07,0.02,0.83,5,6,0.07,0.02,0.03571428571428571,0.83,0.0,0.0,0.0,0.0,192.168.1.68,35.213.175.179
1,udp,other,OTH,24408,0,0,0,0,0,0,0,0,0,0,0,0,0,0,0,0,0,87,6,0.0,0.0,0.0,0.0,0.07,0.02,0.83,5,6,0.07,0.02,0.010638297872340425,0.83,0.0,0.0,0.0,0.0,35.213.175.179,192.168.1.68
1,udp,other,OTH,5231,0,0,0,0,0,0,0,0,0,0,0,0,0,0,0,0,0,88,6,0.0,0.0,0.0,0.0,0.07,0.02,0.83,5,6,0.07,0.02,0.034482758620689655,0.83,0.0,0.0,0.0,0.0,192.168.1.68,35.213.175.179
1,udp,other,OTH,24619,0,0,0,0,0,0,0,0,0,0,0,0,0,0,0,0,0,89,6,0.0,0.0,0.0,0.0,0.07,0.02,0.83,5,6,0.07,0.02,0.010526315789473684,0.83,0.0,0.0,0.0,0.0,35.213.175.179,192.168.1.68
1,udp,other,OTH,5320,0,0,0,0,0,0,0,0,0,0,0,0,0,0,0,0,0,90,6,0.0,0.0,0.0,0.0,0.07,0.02,0.83,5,6,0.07,0.02,0.03333333333333333,0.83,0.0,0.0,0.0,0.0,192.168.1.68,35.213.175.179
1,udp,other,OTH,24881,0,0,0,0,0,0,0,0,0,0,0,0,0,0,0,0,0,91,6,0.0,0.0,0.0,0.0,0.07,0.02,0.83,5,6,0.07,0.02,0.010416666666666666,0.83,0.0,0.0,0.0,0.0,35.213.175.179,192.168.1.68
1,udp,other,OTH,25158,0,0,0,0,0,0,0,0,0,0,0,0,0,0,0,0,0,92,6,0.0,0.0,0.0,0.0,0.07,0.02,0.83,5,6,0.07,0.02,0.010309278350515464,0.83,0.0,0.0,0.0,0.0,35.213.175.179,192.168.1.68
1,udp,other,OTH,25424,0,0,0,0,0,0,0,0,0,0,0,0,0,0,0,0,0,93,6,0.0,0.0,0.0,0.0,0.06,0.02,0.83,5,6,0.06,0.02,0.01020408163265306,0.83,0.0,0.0,0.0,0.0,35.213.175.179,192.168.1.68
1,udp,other,OTH,25686,0,0,0,0,0,0,0,0,0,0,0,0,0,0,0,0,0,94,6,0.0,0.0,0.0,0.0,0.06,0.02,0.83,5,6,0.06,0.02,0.010101010101010102,0.83,0.0,0.0,0.0,0.0,35.213.175.179,192.168.1.68
1,udp,other,OTH,25940,0,0,0,0,0,0,0,0,0,0,0,0,0,0,0,0,0,95,6,0.0,0.0,0.0,0.0,0.06,0.02,0.83,5,6,0.06,0.02,0.01,0.83,0.0,0.0,0.0,0.0,35.213.175.179,192.168.1.68
1,udp,other,OTH,26168,0,0,0,0,0,0,0,0,0,0,0,0,0,0,0,0,0,96,6,0.0,0.0,0.0,0.0,0.06,0.02,0.83,5,6,0.06,0.02,0.009900990099009901,0.83,0.0,0.0,0.0,0.0,35.213.175.179,192.168.1.68
1,udp,other,OTH,26364,0,0,0,0,0,0,0,0,0,0,0,0,0,0,0,0,0,97,6,0.0,0.0,0.0,0.0,0.06,0.02,0.83,5,6,0.06,0.02,0.00980392156862745,0.83,0.0,0.0,0.0,0.0,35.213.175.179,192.168.1.68
2,udp,other,OTH,26633,0,0,0,0,0,0,0,0,0,0,0,0,0,0,0,0,0,98,6,0.0,0.0,0.0,0.0,0.06,0.02,0.83,5,6,0.06,0.02,0.009708737864077669,0.83,0.0,0.0,0.0,0.0,35.213.175.179,192.168.1.68
2,udp,other,OTH,26922,0,0,0,0,0,0,0,0,0,0,0,0,0,0,0,0,0,99,6,0.0,0.0,0.0,0.0,0.06,0.02,0.83,5,6,0.06,0.02,0.009615384615384616,0.83,0.0,0.0,0.0,0.0,35.213.175.179,192.168.1.68
2,tcp,other,S3,1904,0,0,0,0,0,0,0,0,0,0,0,0,0,0,0,0,0,100,6,0.0,0.0,0.0,0.0,0.06,0.02,0.83,5,6,0.06,0.02,0.07692307692307693,0.83,0.0,0.0,0.0,0.0,192.168.1.68,162.159.130.234
2,udp,other,OTH,27189,0,0,0,0,0,0,0,0,0,0,0,0,0,0,0,0,0,101,6,0.0,0.0,0.0,0.0,0.06,0.02,0.83,5,6,0.06,0.02,0.009523809523809525,0.83,0.0,0.0,0.0,0.0,35.213.175.179,192.168.1.68
2,udp,other,OTH,27444,0,0,0,0,0,0,0,0,0,0,0,0,0,0,0,0,0,102,6,0.0,0.0,0.0,0.0,0.06,0.02,0.83,5,6,0.06,0.02,0.009433962264150943,0.83,0.0,0.0,0.0,0.0,35.213.175.179,192.168.1.68
2,tcp,http_443,S3,540,0,0,0,0,0,0,0,0,0,0,0,0,0,0,0,0,0,103,7,0.0,0.0,0.0,0.0,0.07,0.02,0.71,5,7,0.07,0.02,0.1,0.71,0.0,0.0,0.0,0.0,162.159.130.234,192.168.1.68
2,udp,other,OTH,27708,0,0,0,0,0,0,0,0,0,0,0,0,0,0,0,0,0,104,7,0.0,0.0,0.0,0.0,0.07,0.02,0.71,5,7,0.07,0.02,0.009345794392523364,0.71,0.0,0.0,0.0,0.0,35.213.175.179,192.168.1.68
2,udp,other,OTH,27981,0,0,0,0,0,0,0,0,0,0,0,0,0,0,0,0,0,105,7,0.0,0.0,0.0,0.0,0.07,0.02,0.71,5,7,0.07,0.02,0.009259259259259259,0.71,0.0,0.0,0.0,0.0,35.213.175.179,192.168.1.68
2,udp,other,OTH,28243,0,0,0,0,0,0,0,0,0,0,0,0,0,0,0,0,0,106,7,0.0,0.0,0.0,0.0,0.07,0.02,0.71,5,7,0.07,0.02,0.009174311926605505,0.71,0.0,0.0,0.0,0.0,35.213.175.179,192.168.1.68
2,udp,other,OTH,28509,0,0,0,0,0,0,0,0,0,0,0,0,0,0,0,0,0,107,7,0.0,0.0,0.0,0.0,0.07,0.02,0.71,5,7,0.07,0.02,0.00909090909090909,0.71,0.0,0.0,0.0,0.0,35.213.175.179,192.168.1.68
2,udp,other,OTH,28790,0,0,0,0,0,0,0,0,0,0,0,0,0,0,0,0,0,108,7,0.0,0.0,0.0,0.0,0.06,0.02,0.71,5,7,0.06,0.02,0.009009009009009009,0.71,0.0,0.0,0.0,0.0,35.213.175.179,192.168.1.68
2,udp,other,OTH,5434,0,0,0,0,0,0,0,0,0,0,0,0,0,0,0,0,0,109,7,0.0,0.0,0.0,0.0,0.06,0.02,0.71,5,7,0.06,0.02,0.03225806451612903,0.71,0.0,0.0,0.0,0.0,192.168.1.68,35.213.175.179
2,udp,other,OTH,29058,0,0,0,0,0,0,0,0,0,0,0,0,0,0,0,0,0,110,7,0.0,0.0,0.0,0.0,0.06,0.02,0.71,5,7,0.06,0.02,0.008928571428571428,0.71,0.0,0.0,0.0,0.0,35.213.175.179,192.168.1.68
2,udp,other,OTH,29326,0,0,0,0,0,0,0,0,0,0,0,0,0,0,0,0,0,111,7,0.0,0.0,0.0,0.0,0.06,0.02,0.71,5,7,0.06,0.02,0.008849557522123894,0.71,0.0,0.0,0.0,0.0,35.213.175.179,192.168.1.68
2,udp,other,OTH,29598,0,0,0,0,0,0,0,0,0,0,0,0,0,0,0,0,0,112,7,0.0,0.0,0.0,0.0,0.06,0.02,0.71,5,7,0.06,0.02,0.008771929824561403,0.71,0.0,0.0,0.0,0.0,35.213.175.179,192.168.1.68
2,udp,other,OTH,29865,0,0,0,0,0,0,0,0,0,0,0,0,0,0,0,0,0,113,7,0.0,0.0,0.0,0.0,0.06,0.02,0.71,5,7,0.06,0.02,0.008695652173913044,0.71,0.0,0.0,0.0,0.0,35.213.175.179,192.168.1.68
2,udp,other,OTH,30136,0,0,0,0,0,0,0,0,0,0,0,0,0,0,0,0,0,114,7,0.0,0.0,0.0,0.0,0.06,0.02,0.71,5,7,0.06,0.02,0.008620689655172414,0.71,0.0,0.0,0.0,0.0,35.213.175.179,192.168.1.68
2,udp,other,OTH,5690,0,0,0,0,0,0,0,0,0,0,0,0,0,0,0,0,0,115,7,0.0,0.0,0.0,0.0,0.06,0.02,0.71,5,7,0.06,0.02,0.03125,0.71,0.0,0.0,0.0,0.0,192.168.1.68,35.213.175.179
2,udp,other,OTH,30402,0,0,0,0,0,0,0,0,0,0,0,0,0,0,0,0,0,116,7,0.0,0.0,0.0,0.0,0.06,0.02,0.71,5,7,0.06,0.02,0.008547008547008548,0.71,0.0,0.0,0.0,0.0,35.213.175.179,192.168.1.68
2,udp,other,OTH,5938,0,0,0,0,0,0,0,0,0,0,0,0,0,0,0,0,0,117,7,0.0,0.0,0.0,0.0,0.06,0.02,0.71,5,7,0.06,0.02,0.030303030303030304,0.71,0.0,0.0,0.0,0.0,192.168.1.68,35.213.175.179
2,udp,other,OTH,30667,0,0,0,0,0,0,0,0,0,0,0,0,0,0,0,0,0,118,7,0.0,0.0,0.0,0.0,0.06,0.02,0.71,5,7,0.06,0.02,0.00847457627118644,0.71,0.0,0.0,0.0,0.0,35.213.175.179,192.168.1.68
2,udp,other,OTH,6189,0,0,0,0,0,0,0,0,0,0,0,0,0,0,0,0,0,119,7,0.0,0.0,0.0,0.0,0.06,0.02,0.71,5,7,0.06,0.02,0.029411764705882353,0.71,0.0,0.0,0.0,0.0,192.168.1.68,35.213.175.179
2,udp,other,OTH,30928,0,0,0,0,0,0,0,0,0,0,0,0,0,0,0,0,0,120,7,0.0,0.0,0.0,0.0,0.06,0.02,0.71,5,7,0.06,0.02,0.008403361344537815,0.71,0.0,0.0,0.0,0.0,35.213.175.179,192.168.1.68
2,udp,other,OTH,6438,0,0,0,0,0,0,0,0,0,0,0,0,0,0,0,0,0,121,7,0.0,0.0,0.0,0.0,0.06,0.02,0.71,5,7,0.06,0.02,0.02857142857142857,0.71,0.0,0.0,0.0,0.0,192.168.1.68,35.213.175.179
2,udp,other,OTH,31193,0,0,0,0,0,0,0,0,0,0,0,0,0,0,0,0,0,122,7,0.0,0.0,0.0,0.0,0.06,0.02,0.71,5,7,0.06,0.02,0.008333333333333333,0.71,0.0,0.0,0.0,0.0,35.213.175.179,192.168.1.68
2,udp,other,OTH,6690,0,0,0,0,0,0,0,0,0,0,0,0,0,0,0,0,0,123,7,0.0,0.0,0.0,0.0,0.06,0.02,0.71,5,7,0.06,0.02,0.027777777777777776,0.71,0.0,0.0,0.0,0.0,192.168.1.68,35.213.175.179
2,udp,other,OTH,31458,0,0,0,0,0,0,0,0,0,0,0,0,0,0,0,0,0,124,7,0.0,0.0,0.0,0.0,0.06,0.02,0.71,5,7,0.06,0.02,0.008264462809917356,0.71,0.0,0.0,0.0,0.0,35.213.175.179,192.168.1.68
2,udp,other,OTH,6935,0,0,0,0,0,0,0,0,0,0,0,0,0,0,0,0,0,125,7,0.0,0.0,0.0,0.0,0.06,0.02,0.71,5,7,0.06,0.02,0.02702702702702703,0.71,0.0,0.0,0.0,0.0,192.168.1.68,35.213.175.179
2,udp,other,OTH,31715,0,0,0,0,0,0,0,0,0,0,0,0,0,0,0,0,0,126,7,0.0,0.0,0.0,0.0,0.06,0.02,0.71,5,7,0.06,0.02,0.00819672131147541,0.71,0.0,0.0,0.0,0.0,35.213.175.179,192.168.1.68
2,udp,other,OTH,7165,0,0,0,0,0,0,0,0,0,0,0,0,0,0,0,0,0,127,7,0.0,0.0,0.0,0.0,0.06,0.02,0.71,5,7,0.06,0.02,0.02631578947368421,0.71,0.0,0.0,0.0,0.0,192.168.1.68,35.213.175.179
2,udp,other,OTH,31973,0,0,0,0,0,0,0,0,0,0,0,0,0,0,0,0,0,128,7,0.0,0.0,0.0,0.0,0.05,0.02,0.71,5,7,0.05,0.02,0.008130081300813009,0.71,0.0,0.0,0.0,0.0,35.213.175.179,192.168.1.68
2,udp,other,OTH,7401,0,0,0,0,0,0,0,0,0,0,0,0,0,0,0,0,0,129,7,0.0,0.0,0.0,0.0,0.05,0.02,0.71,5,7,0.05,0.02,0.02564102564102564,0.71,0.0,0.0,0.0,0.0,192.168.1.68,35.213.175.179
2,udp,other,OTH,32220,0,0,0,0,0,0,0,0,0,0,0,0,0,0,0,0,0,130,7,0.0,0.0,0.0,0.0,0.05,0.02,0.71,5,7,0.05,0.02,0.008064516129032258,0.71,0.0,0.0,0.0,0.0,35.213.175.179,192.168.1.68
2,udp,other,OTH,7628,0,0,0,0,0,0,0,0,0,0,0,0,0,0,0,0,0,131,7,0.0,0.0,0.0,0.0,0.05,0.02,0.71,5,7,0.05,0.02,0.025,0.71,0.0,0.0,0.0,0.0,192.168.1.68,35.213.175.179
2,udp,other,OTH,32463,0,0,0,0,0,0,0,0,0,0,0,0,0,0,0,0,0,132,7,0.0,0.0,0.0,0.0,0.05,0.02,0.71,5,7,0.05,0.02,0.008,0.71,0.0,0.0,0.0,0.0,35.213.175.179,192.168.1.68
2,udp,other,OTH,7856,0,0,0,0,0,0,0,0,0,0,0,0,0,0,0,0,0,133,7,0.0,0.0,0.0,0.0,0.05,0.02,0.71,5,7,0.05,0.02,0.024390243902439025,0.71,0.0,0.0,0.0,0.0,192.168.1.68,35.213.175.179
2,udp,other,OTH,32704,0,0,0,0,0,0,0,0,0,0,0,0,0,0,0,0,0,134,7,0.0,0.0,0.0,0.0,0.05,0.01,0.71,5,7,0.05,0.01,0.007936507936507936,0.71,0.0,0.0,0.0,0.0,35.213.175.179,192.168.1.68
2,udp,other,OTH,8093,0,0,0,0,0,0,0,0,0,0,0,0,0,0,0,0,0,135,7,0.0,0.0,0.0,0.0,0.05,0.01,0.71,5,7,0.05,0.01,0.023809523809523808,0.71,0.0,0.0,0.0,0.0,192.168.1.68,35.213.175.179
2,udp,other,OTH,32950,0,0,0,0,0,0,0,0,0,0,0,0,0,0,0,0,0,136,7,0.0,0.0,0.0,0.0,0.05,0.01,0.71,5,7,0.05,0.01,0.007874015748031496,0.71,0.0,0.0,0.0,0.0,35.213.175.179,192.168.1.68
2,udp,other,OTH,8324,0,0,0,0,0,0,0,0,0,0,0,0,0,0,0,0,0,137,7,0.0,0.0,0.0,0.0,0.05,0.01,0.71,5,7,0.05,0.01,0.023255813953488372,0.71,0.0,0.0,0.0,0.0,192.168.1.68,35.213.175.179
2,udp,other,OTH,33198,0,0,0,0,0,0,0,0,0,0,0,0,0,0,0,0,0,138,7,0.0,0.0,0.0,0.0,0.05,0.01,0.71,5,7,0.05,0.01,0.0078125,0.71,0.0,0.0,0.0,0.0,35.213.175.179,192.168.1.68
2,udp,other,OTH,8548,0,0,0,0,0,0,0,0,0,0,0,0,0,0,0,0,0,139,7,0.0,0.0,0.0,0.0,0.05,0.01,0.71,5,7,0.05,0.01,0.022727272727272728,0.71,0.0,0.0,0.0,0.0,192.168.1.68,35.213.175.179
2,udp,other,OTH,33436,0,0,0,0,0,0,0,0,0,0,0,0,0,0,0,0,0,140,7,0.0,0.0,0.0,0.0,0.05,0.01,0.71,5,7,0.05,0.01,0.007751937984496124,0.71,0.0,0.0,0.0,0.0,35.213.175.179,192.168.1.68
2,udp,other,OTH,8770,0,0,0,0,0,0,0,0,0,0,0,0,0,0,0,0,0,141,7,0.0,0.0,0.0,0.0,0.05,0.01,0.71,5,7,0.05,0.01,0.022222222222222223,0.71,0.0,0.0,0.0,0.0,192.168.1.68,35.213.175.179
2,udp,other,OTH,33652,0,0,0,0,0,0,0,0,0,0,0,0,0,0,0,0,0,142,7,0.0,0.0,0.0,0.0,0.05,0.01,0.71,5,7,0.05,0.01,0.007692307692307693,0.71,0.0,0.0,0.0,0.0,35.213.175.179,192.168.1.68
2,udp,other,OTH,8859,0,0,0,0,0,0,0,0,0,0,0,0,0,0,0,0,0,143,7,0.0,0.0,0.0,0.0,0.05,0.01,0.71,5,7,0.05,0.01,0.021739130434782608,0.71,0.0,0.0,0.0,0.0,192.168.1.68,35.213.175.179
2,udp,other,OTH,33859,0,0,0,0,0,0,0,0,0,0,0,0,0,0,0,0,0,144,7,0.0,0.0,0.0,0.0,0.05,0.01,0.71,5,7,0.05,0.01,0.007633587786259542,0.71,0.0,0.0,0.0,0.0,35.213.175.179,192.168.1.68
2,udp,other,OTH,8948,0,0,0,0,0,0,0,0,0,0,0,0,0,0,0,0,0,145,7,0.0,0.0,0.0,0.0,0.05,0.01,0.71,5,7,0.05,0.01,0.02127659574468085,0.71,0.0,0.0,0.0,0.0,192.168.1.68,35.213.175.179
2,udp,other,OTH,34029,0,0,0,0,0,0,0,0,0,0,0,0,0,0,0,0,0,146,7,0.0,0.0,0.0,0.0,0.05,0.01,0.71,5,7,0.05,0.01,0.007575757575757576,0.71,0.0,0.0,0.0,0.0,35.213.175.179,192.168.1.68
2,udp,other,OTH,9037,0,0,0,0,0,0,0,0,0,0,0,0,0,0,0,0,0,147,7,0.0,0.0,0.0,0.0,0.05,0.01,0.71,5,7,0.05,0.01,0.020833333333333332,0.71,0.0,0.0,0.0,0.0,192.168.1.68,35.213.175.179
2,udp,other,OTH,34207,0,0,0,0,0,0,0,0,0,0,0,0,0,0,0,0,0,148,7,0.0,0.0,0.0,0.0,0.05,0.01,0.71,5,7,0.05,0.01,0.007518796992481203,0.71,0.0,0.0,0.0,0.0,35.213.175.179,192.168.1.68
2,udp,other,OTH,9126,0,0,0,0,0,0,0,0,0,0,0,0,0,0,0,0,0,149,7,0.0,0.0,0.0,0.0,0.05,0.01,0.71,5,7,0.05,0.01,0.02040816326530612,0.71,0.0,0.0,0.0,0.0,192.168.1.68,35.213.175.179
2,udp,other,OTH,34370,0,0,0,0,0,0,0,0,0,0,0,0,0,0,0,0,0,150,7,0.0,0.0,0.0,0.0,0.05,0.01,0.71,5,7,0.05,0.01,0.007462686567164179,0.71,0.0,0.0,0.0,0.0,35.213.175.179,192.168.1.68
2,udp,other,OTH,9215,0,0,0,0,0,0,0,0,0,0,0,0,0,0,0,0,0,151,7,0.0,0.0,0.0,0.0,0.05,0.01,0.71,5,7,0.05,0.01,0.02,0.71,0.0,0.0,0.0,0.0,192.168.1.68,35.213.175.179
2,udp,other,OTH,34537,0,0,0,0,0,0,0,0,0,0,0,0,0,0,0,0,0,152,7,0.0,0.0,0.0,0.0,0.05,0.01,0.71,5,7,0.05,0.01,0.007407407407407408,0.71,0.0,0.0,0.0,0.0,35.213.175.179,192.168.1.68
2,udp,other,OTH,9304,0,0,0,0,0,0,0,0,0,0,0,0,0,0,0,0,0,153,7,0.0,0.0,0.0,0.0,0.05,0.01,0.71,5,7,0.05,0.01,0.0196078431372549,0.71,0.0,0.0,0.0,0.0,192.168.1.68,35.213.175.179
2,tcp,http_443,S1,165,0,0,0,0,0,0,0,0,0,0,0,0,0,0,0,0,0,154,8,0.0,0.0,0.0,0.0,0.05,0.01,0.62,5,8,0.05,0.01,0.3333333333333333,0.62,0.0,0.0,0.0,0.0,13.107.246.68,192.168.1.68
2,udp,other,OTH,34744,0,0,0,0,0,0,0,0,0,0,0,0,0,0,0,0,0,155,8,0.0,0.0,0.0,0.0,0.05,0.01,0.62,5,8,0.05,0.01,0.007352941176470588,0.62,0.0,0.0,0.0,0.0,35.213.175.179,192.168.1.68
2,udp,other,OTH,9393,0,0,0,0,0,0,0,0,0,0,0,0,0,0,0,0,0,156,8,0.0,0.0,0.0,0.0,0.05,0.01,0.62,5,8,0.05,0.01,0.019230769230769232,0.62,0.0,0.0,0.0,0.0,192.168.1.68,35.213.175.179
2,tcp,other,S1,198,0,0,0,0,0,0,0,0,0,0,0,0,0,0,0,0,0,157,8,0.0,0.0,0.0,0.0,0.05,0.01,0.62,5,8,0.05,0.01,0.3333333333333333,0.62,0.0,0.0,0.0,0.0,192.168.1.68,13.107.246.68
2,udp,other,OTH,34948,0,0,0,0,0,0,0,0,0,0,0,0,0,0,0,0,0,158,8,0.0,0.0,0.0,0.0,0.05,0.01,0.62,5,8,0.05,0.01,0.0072992700729927005,0.62,0.0,0.0,0.0,0.0,35.213.175.179,192.168.1.68
2,udp,other,OTH,9482,0,0,0,0,0,0,0,0,0,0,0,0,0,0,0,0,0,159,8,0.0,0.0,0.0,0.0,0.05,0.01,0.62,5,8,0.05,0.01,0.018867924528301886,0.62,0.0,0.0,0.0,0.0,192.168.1.68,35.213.175.179
2,udp,other,OTH,35149,0,0,0,0,0,0,0,0,0,0,0,0,0,0,0,0,0,160,8,0.0,0.0,0.0,0.0,0.05,0.01,0.62,5,8,0.05,0.01,0.007246376811594203,0.62,0.0,0.0,0.0,0.0,35.213.175.179,192.168.1.68
2,udp,other,OTH,9571,0,0,0,0,0,0,0,0,0,0,0,0,0,0,0,0,0,161,8,0.0,0.0,0.0,0.0,0.05,0.01,0.62,5,8,0.05,0.01,0.018518518518518517,0.62,0.0,0.0,0.0,0.0,192.168.1.68,35.213.175.179
2,udp,other,OTH,35357,0,0,0,0,0,0,0,0,0,0,0,0,0,0,0,0,0,162,8,0.0,0.0,0.0,0.0,0.05,0.01,0.62,5,8,0.05,0.01,0.007194244604316547,0.62,0.0,0.0,0.0,0.0,35.213.175.179,192.168.1.68
2,udp,other,OTH,9660,0,0,0,0,0,0,0,0,0,0,0,0,0,0,0,0,0,163,8,0.0,0.0,0.0,0.0,0.05,0.01,0.62,5,8,0.05,0.01,0.01818181818181818,0.62,0.0,0.0,0.0,0.0,192.168.1.68,35.213.175.179
2,udp,other,OTH,35572,0,0,0,0,0,0,0,0,0,0,0,0,0,0,0,0,0,164,8,0.0,0.0,0.0,0.0,0.05,0.01,0.62,5,8,0.05,0.01,0.007142857142857143,0.62,0.0,0.0,0.0,0.0,35.213.175.179,192.168.1.68
2,udp,other,OTH,35806,0,0,0,0,0,0,0,0,0,0,0,0,0,0,0,0,0,165,8,0.0,0.0,0.0,0.0,0.05,0.01,0.62,5,8,0.05,0.01,0.0070921985815602835,0.62,0.0,0.0,0.0,0.0,35.213.175.179,192.168.1.68
2,udp,other,OTH,36001,0,0,0,0,0,0,0,0,0,0,0,0,0,0,0,0,0,166,8,0.0,0.0,0.0,0.0,0.05,0.01,0.62,5,8,0.05,0.01,0.007042253521126761,0.62,0.0,0.0,0.0,0.0,35.213.175.179,192.168.1.68
2,udp,other,OTH,36203,0,0,0,0,0,0,0,0,0,0,0,0,0,0,0,0,0,167,8,0.0,0.0,0.0,0.0,0.05,0.01,0.62,5,8,0.05,0.01,0.006993006993006993,0.62,0.0,0.0,0.0,0.0,35.213.175.179,192.168.1.68
2,udp,other,OTH,36292,0,0,0,0,0,0,0,0,0,0,0,0,0,0,0,0,0,168,8,0.0,0.0,0.0,0.0,0.05,0.01,0.62,5,8,0.05,0.01,0.006944444444444444,0.62,0.0,0.0,0.0,0.0,35.213.175.179,192.168.1.68
2,udp,other,OTH,36381,0,0,0,0,0,0,0,0,0,0,0,0,0,0,0,0,0,169,8,0.0,0.0,0.0,0.0,0.05,0.01,0.62,5,8,0.05,0.01,0.006896551724137931,0.62,0.0,0.0,0.0,0.0,35.213.175.179,192.168.1.68
2,udp,other,OTH,36470,0,0,0,0,0,0,0,0,0,0,0,0,0,0,0,0,0,170,8,0.0,0.0,0.0,0.0,0.05,0.01,0.62,5,8,0.05,0.01,0.00684931506849315,0.62,0.0,0.0,0.0,0.0,35.213.175.179,192.168.1.68
2,udp,other,OTH,36559,0,0,0,0,0,0,0,0,0,0,0,0,0,0,0,0,0,1,0,0.0,0.0,0.0,0.0,0.0,1.0,0.0,1,0,0.0,1.0,0.006802721088435374,0.0,0.0,0.0,0.0,0.0,35.213.175.179,192.168.1.68
2,udp,other,OTH,36648,0,0,0,0,0,0,0,0,0,0,0,0,0,0,0,0,0,2,0,0.0,0.0,0.0,0.0,0.0,0.5,0.0,1,0,0.0,0.5,0.006756756756756757,0.0,0.0,0.0,0.0,0.0,35.213.175.179,192.168.1.68
2,udp,other,OTH,36737,0,0,0,0,0,0,0,0,0,0,0,0,0,0,0,0,0,3,0,0.0,0.0,0.0,0.0,0.0,0.33,0.0,1,0,0.0,0.33,0.006711409395973154,0.0,0.0,0.0,0.0,0.0,35.213.175.179,192.168.1.68
2,udp,other,OTH,36826,0,0,0,0,0,0,0,0,0,0,0,0,0,0,0,0,0,4,0,0.0,0.0,0.0,0.0,0.0,0.25,0.0,1,0,0.0,0.25,0.006666666666666667,0.0,0.0,0.0,0.0,0.0,35.213.175.179,192.168.1.68
2,udp,other,OTH,36915,0,0,0,0,0,0,0,0,0,0,0,0,0,0,0,0,0,5,0,0.0,0.0,0.0,0.0,0.0,0.2,0.0,1,0,0.0,0.2,0.006622516556291391,0.0,0.0,0.0,0.0,0.0,35.213.175.179,192.168.1.68
2,udp,other,OTH,37004,0,0,0,0,0,0,0,0,0,0,0,0,0,0,0,0,0,6,0,0.0,0.0,0.0,0.0,0.0,0.17,0.0,1,0,0.0,0.17,0.006578947368421052,0.0,0.0,0.0,0.0,0.0,35.213.175.179,192.168.1.68
3,udp,other,OTH,37093,0,0,0,0,0,0,0,0,0,0,0,0,0,0,0,0,0,7,0,0.0,0.0,0.0,0.0,0.0,0.14,0.0,1,0,0.0,0.14,0.006535947712418301,0.0,0.0,0.0,0.0,0.0,35.213.175.179,192.168.1.68
2,udp,other,OTH,9863,0,0,0,0,0,0,0,0,0,0,0,0,0,0,0,0,0,8,0,0.0,0.0,0.0,0.0,0.0,0.13,0.0,2,0,0.0,0.13,0.017857142857142856,0.0,0.0,0.0,0.0,0.0,192.168.1.68,35.213.175.179
2,udp,other,OTH,10050,0,0,0,0,0,0,0,0,0,0,0,0,0,0,0,0,0,9,0,0.0,0.0,0.0,0.0,0.0,0.11,0.0,2,0,0.0,0.11,0.017543859649122806,0.0,0.0,0.0,0.0,0.0,192.168.1.68,35.213.175.179
3,udp,other,OTH,10144,0,0,0,0,0,0,0,0,0,0,0,0,0,0,0,0,0,10,0,0.0,0.0,0.0,0.0,0.0,0.1,0.0,2,0,0.0,0.1,0.017241379310344827,0.0,0.0,0.0,0.0,0.0,192.168.1.68,35.213.175.179
3,udp,other,OTH,10318,0,0,0,0,0,0,0,0,0,0,0,0,0,0,0,0,0,11,0,0.0,0.0,0.0,0.0,0.0,0.09,0.0,2,0,0.0,0.09,0.01694915254237288,0.0,0.0,0.0,0.0,0.0,192.168.1.68,35.213.175.179
3,udp,other,OTH,10524,0,0,0,0,0,0,0,0,0,0,0,0,0,0,0,0,0,12,0,0.0,0.0,0.0,0.0,0.0,0.08,0.0,2,0,0.0,0.08,0.016666666666666666,0.0,0.0,0.0,0.0,0.0,192.168.1.68,35.213.175.179
3,udp,other,OTH,10785,0,0,0,0,0,0,0,0,0,0,0,0,0,0,0,0,0,13,0,0.0,0.0,0.0,0.0,0.0,0.08,0.0,2,0,0.0,0.08,0.01639344262295082,0.0,0.0,0.0,0.0,0.0,192.168.1.68,35.213.175.179
3,udp,other,OTH,11033,0,0,0,0,0,0,0,0,0,0,0,0,0,0,0,0,0,14,0,0.0,0.0,0.0,0.0,0.0,0.07,0.0,2,0,0.0,0.07,0.016129032258064516,0.0,0.0,0.0,0.0,0.0,192.168.1.68,35.213.175.179
3,udp,other,OTH,11256,0,0,0,0,0,0,0,0,0,0,0,0,0,0,0,0,0,15,0,0.0,0.0,0.0,0.0,0.0,0.07,0.0,2,0,0.0,0.07,0.015873015873015872,0.0,0.0,0.0,0.0,0.0,192.168.1.68,35.213.175.179
3,udp,other,OTH,11460,0,0,0,0,0,0,0,0,0,0,0,0,0,0,0,0,0,16,0,0.0,0.0,0.0,0.0,0.0,0.06,0.0,2,0,0.0,0.06,0.015625,0.0,0.0,0.0,0.0,0.0,192.168.1.68,35.213.175.179
3,udp,other,OTH,11617,0,0,0,0,0,0,0,0,0,0,0,0,0,0,0,0,0,17,0,0.0,0.0,0.0,0.0,0.0,0.06,0.0,2,0,0.0,0.06,0.015384615384615385,0.0,0.0,0.0,0.0,0.0,192.168.1.68,35.213.175.179
0,tcp,http_443,OTH,55,0,0,0,0,0,0,0,0,0,0,0,0,0,0,0,0,0,18,1,0.0,0.0,0.0,0.0,0.06,0.11,1.0,3,1,0.06,0.11,1.0,1.0,0.0,0.0,0.0,0.0,34.128.128.0,192.168.1.68
3,udp,other,OTH,11778,0,0,0,0,0,0,0,0,0,0,0,0,0,0,0,0,0,19,1,0.0,0.0,0.0,0.0,0.05,0.11,1.0,3,1,0.05,0.11,0.015151515151515152,1.0,0.0,0.0,0.0,0.0,192.168.1.68,35.213.175.179
3,tcp,other,S3,2221,0,0,0,0,0,0,0,0,0,0,0,0,0,0,0,0,0,20,1,0.0,0.0,0.0,0.0,0.05,0.1,1.0,3,1,0.05,0.1,0.07142857142857142,1.0,0.0,0.0,0.0,0.0,192.168.1.68,162.159.130.234
3,udp,other,OTH,11934,0,0,0,0,0,0,0,0,0,0,0,0,0,0,0,0,0,21,1,0.0,0.0,0.0,0.0,0.05,0.1,1.0,3,1,0.05,0.1,0.014925373134328358,1.0,0.0,0.0,0.0,0.0,192.168.1.68,35.213.175.179
0,tcp,other,OTH,66,0,0,0,0,0,0,0,0,0,0,0,0,0,0,0,0,0,22,1,0.0,0.0,0.0,0.0,0.05,0.09,1.0,3,1,0.05,0.09,1.0,1.0,0.0,0.0,0.0,0.0,192.168.1.68,34.128.128.0
3,udp,other,OTH,12097,0,0,0,0,0,0,0,0,0,0,0,0,0,0,0,0,0,23,1,0.0,0.0,0.0,0.0,0.04,0.09,1.0,3,1,0.04,0.09,0.014705882352941176,1.0,0.0,0.0,0.0,0.0,192.168.1.68,35.213.175.179
3,udp,other,OTH,12289,0,0,0,0,0,0,0,0,0,0,0,0,0,0,0,0,0,24,1,0.0,0.0,0.0,0.0,0.04,0.08,1.0,3,1,0.04,0.08,0.014492753623188406,1.0,0.0,0.0,0.0,0.0,192.168.1.68,35.213.175.179
3,udp,other,OTH,12456,0,0,0,0,0,0,0,0,0,0,0,0,0,0,0,0,0,25,1,0.0,0.0,0.0,0.0,0.04,0.08,1.0,3,1,0.04,0.08,0.014285714285714285,1.0,0.0,0.0,0.0,0.0,192.168.1.68,35.213.175.179
3,tcp,http_443,S3,594,0,0,0,0,0,0,0,0,0,0,0,0,0,0,0,0,0,26,2,0.0,0.0,0.0,0.0,0.08,0.08,1.0,4,2,0.08,0.08,0.09090909090909091,1.0,0.0,0.0,0.0,0.0,162.159.130.234,192.168.1.68
3,udp,other,OTH,12679,0,0,0,0,0,0,0,0,0,0,0,0,0,0,0,0,0,27,2,0.0,0.0,0.0,0.0,0.07,0.07,1.0,4,2,0.07,0.07,0.014084507042253521,1.0,0.0,0.0,0.0,0.0,192.168.1.68,35.213.175.179
3,udp,other,OTH,12852,0,0,0,0,0,0,0,0,0,0,0,0,0,0,0,0,0,28,2,0.0,0.0,0.0,0.0,0.07,0.07,1.0,4,2,0.07,0.07,0.013888888888888888,1.0,0.0,0.0,0.0,0.0,192.168.1.68,35.213.175.179
3,udp,other,OTH,13058,0,0,0,0,0,0,0,0,0,0,0,0,0,0,0,0,0,29,2,0.0,0.0,0.0,0.0,0.07,0.07,1.0,4,2,0.07,0.07,0.0136986301369863,1.0,0.0,0.0,0.0,0.0,192.168.1.68,35.213.175.179
3,udp,other,OTH,13224,0,0,0,0,0,0,0,0,0,0,0,0,0,0,0,0,0,30,2,0.0,0.0,0.0,0.0,0.07,0.07,1.0,4,2,0.07,0.07,0.013513513513513514,1.0,0.0,0.0,0.0,0.0,192.168.1.68,35.213.175.179
3,udp,other,OTH,13386,0,0,0,0,0,0,0,0,0,0,0,0,0,0,0,0,0,31,2,0.0,0.0,0.0,0.0,0.06,0.06,1.0,4,2,0.06,0.06,0.013333333333333334,1.0,0.0,0.0,0.0,0.0,192.168.1.68,35.213.175.179
3,udp,other,OTH,13539,0,0,0,0,0,0,0,0,0,0,0,0,0,0,0,0,0,32,2,0.0,0.0,0.0,0.0,0.06,0.06,1.0,4,2,0.06,0.06,0.013157894736842105,1.0,0.0,0.0,0.0,0.0,192.168.1.68,35.213.175.179
3,udp,other,OTH,13705,0,0,0,0,0,0,0,0,0,0,0,0,0,0,0,0,0,33,2,0.0,0.0,0.0,0.0,0.06,0.06,1.0,4,2,0.06,0.06,0.012987012987012988,1.0,0.0,0.0,0.0,0.0,192.168.1.68,35.213.175.179
3,udp,other,OTH,13866,0,0,0,0,0,0,0,0,0,0,0,0,0,0,0,0,0,34,2,0.0,0.0,0.0,0.0,0.06,0.06,1.0,4,2,0.06,0.06,0.01282051282051282,1.0,0.0,0.0,0.0,0.0,192.168.1.68,35.213.175.179
3,udp,other,OTH,14024,0,0,0,0,0,0,0,0,0,0,0,0,0,0,0,0,0,35,2,0.0,0.0,0.0,0.0,0.06,0.06,1.0,4,2,0.06,0.06,0.012658227848101266,1.0,0.0,0.0,0.0,0.0,192.168.1.68,35.213.175.179
3,udp,other,OTH,14183,0,0,0,0,0,0,0,0,0,0,0,0,0,0,0,0,0,36,2,0.0,0.0,0.0,0.0,0.06,0.06,1.0,4,2,0.06,0.06,0.0125,1.0,0.0,0.0,0.0,0.0,192.168.1.68,35.213.175.179
3,udp,other,OTH,14333,0,0,0,0,0,0,0,0,0,0,0,0,0,0,0,0,0,37,2,0.0,0.0,0.0,0.0,0.05,0.05,1.0,4,2,0.05,0.05,0.012345679012345678,1.0,0.0,0.0,0.0,0.0,192.168.1.68,35.213.175.179
3,udp,other,OTH,14422,0,0,0,0,0,0,0,0,0,0,0,0,0,0,0,0,0,38,2,0.0,0.0,0.0,0.0,0.05,0.05,1.0,4,2,0.05,0.05,0.012195121951219513,1.0,0.0,0.0,0.0,0.0,192.168.1.68,35.213.175.179
3,udp,other,OTH,14567,0,0,0,0,0,0,0,0,0,0,0,0,0,0,0,0,0,39,2,0.0,0.0,0.0,0.0,0.05,0.05,1.0,4,2,0.05,0.05,0.012048192771084338,1.0,0.0,0.0,0.0,0.0,192.168.1.68,35.213.175.179
3,udp,other,OTH,14656,0,0,0,0,0,0,0,0,0,0,0,0,0,0,0,0,0,40,2,0.0,0.0,0.0,0.0,0.05,0.05,1.0,4,2,0.05,0.05,0.011904761904761904,1.0,0.0,0.0,0.0,0.0,192.168.1.68,35.213.175.179
3,udp,other,OTH,14801,0,0,0,0,0,0,0,0,0,0,0,0,0,0,0,0,0,41,2,0.0,0.0,0.0,0.0,0.05,0.05,1.0,4,2,0.05,0.05,0.011764705882352941,1.0,0.0,0.0,0.0,0.0,192.168.1.68,35.213.175.179
3,udp,other,OTH,37143,0,0,0,0,0,0,0,0,0,0,0,0,0,0,0,0,0,42,2,0.0,0.0,0.0,0.0,0.05,0.05,1.0,4,2,0.05,0.05,0.006493506493506494,1.0,0.0,0.0,0.0,0.0,35.213.175.179,192.168.1.68
3,udp,other,OTH,14890,0,0,0,0,0,0,0,0,0,0,0,0,0,0,0,0,0,43,2,0.0,0.0,0.0,0.0,0.05,0.05,1.0,4,2,0.05,0.05,0.011627906976744186,1.0,0.0,0.0,0.0,0.0,192.168.1.68,35.213.175.179
3,udp,other,OTH,15035,0,0,0,0,0,0,0,0,0,0,0,0,0,0,0,0,0,44,2,0.0,0.0,0.0,0.0,0.05,0.05,1.0,4,2,0.05,0.05,0.011494252873563218,1.0,0.0,0.0,0.0,0.0,192.168.1.68,35.213.175.179
3,udp,other,OTH,15124,0,0,0,0,0,0,0,0,0,0,0,0,0,0,0,0,0,45,2,0.0,0.0,0.0,0.0,0.04,0.04,1.0,4,2,0.04,0.04,0.011363636363636364,1.0,0.0,0.0,0.0,0.0,192.168.1.68,35.213.175.179
3,udp,other,OTH,15213,0,0,0,0,0,0,0,0,0,0,0,0,0,0,0,0,0,46,2,0.0,0.0,0.0,0.0,0.04,0.04,1.0,4,2,0.04,0.04,0.011235955056179775,1.0,0.0,0.0,0.0,0.0,192.168.1.68,35.213.175.179
3,udp,other,OTH,15302,0,0,0,0,0,0,0,0,0,0,0,0,0,0,0,0,0,47,2,0.0,0.0,0.0,0.0,0.04,0.04,1.0,4,2,0.04,0.04,0.011111111111111112,1.0,0.0,0.0,0.0,0.0,192.168.1.68,35.213.175.179
3,udp,other,OTH,15391,0,0,0,0,0,0,0,0,0,0,0,0,0,0,0,0,0,48,2,0.0,0.0,0.0,0.0,0.04,0.04,1.0,4,2,0.04,0.04,0.01098901098901099,1.0,0.0,0.0,0.0,0.0,192.168.1.68,35.213.175.179
3,udp,other,OTH,15480,0,0,0,0,0,0,0,0,0,0,0,0,0,0,0,0,0,49,2,0.0,0.0,0.0,0.0,0.04,0.04,1.0,4,2,0.04,0.04,0.010869565217391304,1.0,0.0,0.0,0.0,0.0,192.168.1.68,35.213.175.179
3,udp,other,OTH,15540,0,0,0,0,0,0,0,0,0,0,0,0,0,0,0,0,0,50,2,0.0,0.0,0.0,0.0,0.04,0.04,1.0,4,2,0.04,0.04,0.010752688172043012,1.0,0.0,0.0,0.0,0.0,192.168.1.68,35.213.175.179
3,udp,other,OTH,15629,0,0,0,0,0,0,0,0,0,0,0,0,0,0,0,0,0,51,2,0.0,0.0,0.0,0.0,0.04,0.04,1.0,4,2,0.04,0.04,0.010638297872340425,1.0,0.0,0.0,0.0,0.0,192.168.1.68,35.213.175.179
3,udp,other,OTH,15718,0,0,0,0,0,0,0,0,0,0,0,0,0,0,0,0,0,52,2,0.0,0.0,0.0,0.0,0.04,0.04,1.0,4,2,0.04,0.04,0.010526315789473684,1.0,0.0,0.0,0.0,0.0,192.168.1.68,35.213.175.179
2,tcp,http_443,SF,219,0,0,0,0,0,0,0,0,0,0,0,0,0,0,0,0,0,53,3,0.0,0.0,0.0,0.0,0.06,0.04,1.0,5,3,0.06,0.04,0.25,1.0,0.0,0.0,0.0,0.0,13.107.246.68,192.168.1.68
3,udp,other,OTH,15807,0,0,0,0,0,0,0,0,0,0,0,0,0,0,0,0,0,54,3,0.0,0.0,0.0,0.0,0.06,0.04,1.0,5,3,0.06,0.04,0.010416666666666666,1.0,0.0,0.0,0.0,0.0,192.168.1.68,35.213.175.179
3,udp,other,OTH,15896,0,0,0,0,0,0,0,0,0,0,0,0,0,0,0,0,0,55,3,0.0,0.0,0.0,0.0,0.05,0.04,1.0,5,3,0.05,0.04,0.010309278350515464,1.0,0.0,0.0,0.0,0.0,192.168.1.68,35.213.175.179
2,tcp,other,SF,258,0,0,0,0,0,0,0,0,0,0,0,0,0,0,0,0,0,56,3,0.0,0.0,0.0,0.0,0.05,0.04,1.0,5,3,0.05,0.04,0.25,1.0,0.0,0.0,0.0,0.0,192.168.1.68,13.107.246.68
3,tcp,http_443,S2,273,0,0,0,0,0,0,0,0,0,0,0,0,0,0,0,0,0,57,4,0.0,0.0,0.0,0.0,0.07,0.04,1.0,5,4,0.07,0.04,0.2,1.0,0.0,0.0,0.0,0.0,13.107.246.68,192.168.1.68
3,udp,other,OTH,15985,0,0,0,0,0,0,0,0,0,0,0,0,0,0,0,0,0,58,4,0.0,0.0,0.0,0.0,0.07,0.03,1.0,5,4,0.07,0.03,0.01020408163265306,1.0,0.0,0.0,0.0,0.0,192.168.1.68,35.213.175.179
3,udp,other,OTH,16074,0,0,0,0,0,0,0,0,0,0,0,0,0,0,0,0,0,59,4,0.0,0.0,0.0,0.0,0.07,0.03,1.0,5,4,0.07,0.03,0.010101010101010102,1.0,0.0,0.0,0.0,0.0,192.168.1.68,35.213.175.179
3,udp,other,OTH,16163,0,0,0,0,0,0,0,0,0,0,0,0,0,0,0,0,0,60,4,0.0,0.0,0.0,0.0,0.07,0.03,1.0,5,4,0.07,0.03,0.01,1.0,0.0,0.0,0.0,0.0,192.168.1.68,35.213.175.179
